[
    {
        "ville": "Paris",
        "codePostal": "75000",
        "habitants": "2 000 000"
    },
    {
        "ville": "Lyon",
        "codePostal": "69000",
        "habitants": "450 000"
    },
    {
        "ville": "Marseille",
        "codePostal": "13000",
        "habitants": "800 000"
    },
     {
        "ville": "Lille",
        "codePostal": "59000",
        "habitants": "230 000"
    },
     {
        "ville": "Bordeaux",
        "codePostal": "33000",
        "habitants": "240 000"
    },
     {
        "ville": "Grenoble",
        "codePostal": "38000",
        "habitants": "155 000"
    },
     {
        "ville": "Sarlat",
        "codePostal": "24200",
        "habitants": "12 000"
    }
]
